60€,Guitarra española,-1
40€,Guitarra española para principiantes.,-1
70€,Guitarra española con funda,-1
40€,Guitarra española,-1
65€,guitarra española antigua,-1
60€,guitarra española,-1
80€,Guitarra clásica española. Admira Alba,-1
15€,"Soporte Hercules guitarra electrica, violin, etc",-1
25€,guitarra española,-1
140€,Guitarra española Prodencio Sáez,-1
50€,Guitarra española,1
25€,P1 GUITARRA ESPAÑOLA MINI,-1
100€,Guitarra española,-1
50€,Guitarra española,-1
25€,Guitarra española,-1
60€,Guitarra española José Torres ( Cadete),-1
120€,Guitarra española.,-1
15€,Funda de guitarra,-1
60€,guitarra.,-1
100€,Guitarra española.,-1
165€,guitarra española,-1
790€,Guitarra española marca Alhambra y su funda,-1
600€,Guitarra española clásica.,-1
75€,Guitarra española,-1
284€,Guitarra clásica española,-1
280€,Guitarra española,-1
60€,Guitarra española,-1
"299,9€",Guitarra Española Clásica (RÉPLICA),-1
90€,guitarra española,-1
75€,Guitarra española,-1
20€,Guitarra Española,-1
"299,9€",Guitarra Española Clásica (RÉPLICA),-1
8€,guitarra española,-1
35€,Guitarra española infantil con funda incluida.,-1
"299,9€",Guitarra Española Clásica (RÉPLICA),-1
50€,Guitarra española,-1
30€,Guitarra española,-1
89€,Guitarra Española Amplificable,-1
30€,Guitarra Española,-1
135€,Guitarra Española,-1
150€,guitarra española José torres,-1
30€,Guitarra Española,1
85€,"guitarra en perfectas condiciones, solo tiene una",-1
80€,Guitarra española +Funda,-1
70€,GUITARRA ESPAÑOLA JUNIOR,-1
20€,Guitarra española,-1
300€,guitarra española alhambra 3c nueva,-1
60€,Guitarra española practicamente nueva,-1
60€,Guitarra española,-1
150€,guitarra española,-1
40€,"Funda dura, guitarra española.",-1
550€,guitarra española,-1
125€,Guitarra Española,-1
60€,estupenda guitarra española mediana,-1
85€,Guitarra española Junior,-1
85€,Guitarra clásica española,-1
90€,Guitarra española,-1
10€,Funda guitarra española,-1
40€,Guitarra española,-1
115€,guitarra española prudencio saez,-1
50€,Guitarra española,1
8€,funda guitarra española,-1
180€,Guitarra española artesanía Leal,-1
1.950€,Guitarra Antigua Hijos d Ramón Reyuedo 1900-1910.,-1
125€,guitarra antigua española,-1
104€,Guitarra Española Vicente Tatay Tomás ELMEJOR PACK,-1
100€,Guitarra española,-1
60€,Guitarras españolas,-1
270€,Guitarra española Alhambra,-1
95€,Guitarra Española,-1
50€,Guitarra Española,-1
120€,Guitarra española admira paloma,1
70€,Guitarra española marca Admira modelo Paloma,-1
60€,Guitarra Española,-1
45€,guitarra española,1
70€,guitarra española acústica,-1
65€,Guitarra Española Cataluña,-1
150€,Guitarra Española José Torres,-1
60€,Guitarra española junior,-1
55€,Guitarra española,-1
5€,Funda de guitarra,-1
35€,vendo guitarra,-1
170€,Guitarra Española,-1
30€,Guitarra clásica Española,-1
70€,GUITARRA ESPAÑOLA,-1
50€,Guitarra Española,-1
20€,"Guitarra española , buen estado.",-1
120€,Guitarra española profesional nueva .,-1
85€,Guitarra española marca Fabre,-1
150€,guitarra española Sevilla,-1
15€,guitarra española,-1
40€,Vendo Guitarra Española años 70,-1
50€,Guitarra española artesanal 3/4,-1
50€,Guitarra Española para ZURDOS,-1
60€,guitarra española,-1
35€,Guitarra española niño marca ROCIO,-1
50€,Guitarra Española,-1
30€,Guitarra española,-1
150€,ANTIGUA GUITARRA TELESFORO JULVE,-1
80€,Guitarra Española Admira Juanita para adultos,-1
"62,95€",guitarra clasica sonora sgn-450,-1
65€,guitarra de cuerda española,-1
280€,guitarra española prudencio saez 132 Madagascar,-1
80€,Guitarra española,-1
"66,95€",guitarra clasica toledo primera 44-bk,-1
"66,95€",guitarra clasica toledo primera 44-bk,-1
"66,95€",guitarra clasica toledo primera 44-nt,-1
80€,guitarra española,-1
800€,guitarra Yamaha LS16,-1
"3,5€",CD guitarra clásica española,-1
50€,guitarra española,-1
75€,Guitarra española Admira Alba,-1
"66,95€",guitarra clasica toledo primera 44-nt,-1
50€,Guitarra,-1
50€,Guitarra,-1
40€,Guitarra Española,-1
70€,Guitarra ROMANZA,-1
"82,95€",guitarra clasica valencia vc264,-1
"76,95€",guitarra clasica sonora sgn-450,-1
55€,guitarra española,-1
40€,Guitarra española,-1
175€,guitarra española José caselles,-1
45€,guitarra española infantil tamaño 3/4,-1
50€,Guitarra acústica española,-1
185€,Espectacular guitarra española,-1
500€,Guitarra española de concierto,1
500€,Guitarra clásica Alhambra 5P,-1
23€,Guitarra española,-1
200€,Guitarra Española Takamine con pickup piezo,-1
1.000€,Guitarra española valenciana,-1
60€,Guitarra española,-1
75€,Guitarra clásica española Alba Admira cadetes 3/4,-1
70€,Guitarra Española,-1
60€,guitarra española,-1
9€,Funda para guitarra,-1
75€,guitarra,-1
65€,guitarra española,-1
50€,Guitarra española de 3/4,-1
14€,Guitarra española Juguettos 63cm,-1
60€,cambio guitarra española por patinete electrico,-1
200€,GUITARRA ESPAÑOLA AUTHENTICA ADMIRA MODELO DOLORES,-1
"62,95€",guitarra clasica memphis guitarra clasica negro,-1
"62,95€",guitarra clasica memphis guitarra clasica negro,-1
80€,Guitarra española con funda,-1
275€,guitarra española antigua,-1
140€,GUITARRA ESPAÑOLA CLASICA ADMIRA JUANITA 65890,-1
70€,Guitarra española Rocio,-1
300€,Guitarra española,-1
100€,Guitarra clásica española con funda,-1
25€,guitarra clásica infantil rosa,-1
15€,Guitarra Española,-1
80€,Guitarra española clasica,-1
10€,Clases de guitarra española y eléctrica.8 eu/h,-1
90€,Guitarra Española,-1
16€,Guitarra española juguete 76 cm,-1
60€,Guitarra española,-1
280€,Guitarra.,-1
300€,Guitarra RAIMUNDO 129 Cocobolo ( Nueva!),-1
225€,Guitarra española más funda dura,-1
110€,Guitarra española modelo Admira Alba,-1
"13,99€",Guitarra española de juguete NUEVA,-1
10€,Clases de guitarra,-1
100€,Guitarra acústica Ibanez cuerdas de acero,-1
80€,guitarra española,-1
"299,9€",Guitarra Española Clásica (RÉPLICA),-1
50€,Guitarra española,-1
10€,Funda guitarra española,-1
100€,Guitarra española,-1
75€,Guitarra española clifton,-1
260€,GUITARRA FLAMENCO ESPAÑOLA,-1
50€,Guitarra española marca: VICTORIA. Mod: Infante,-1
100€,Guitarra española,-1
30€,Guitarra clásica junior rosa,-1
8€,Afinador de guitarra Elto GT-303,-1
29€,Pastilla para guitarra a estrenar,-1
30€,guitarra española.,-1
350€,Guitarra Clásica Electrificada Admira Virtuoso ECF,-1
15€,clases de guitarra,-1
35€,Guitarra Española ¡Oferta!,-1
190€,Guitarra clásica española + funda de tela.,-1
45€,Guitarra española,-1
12€,Selleta y cejuela de hueso para guitarra,-1
15€,Guitarra española Starsun modelo 8096/N,-1
20€,Guitarra española infantil.,-1
622€,Guitarra española Alhambra Año 1982,-1
50€,Guitarra española,-1
80€,Guitarra española.,-1
200€,guitarra prudencio saez modelo8,-1
8€,guitarra Española,-1
115€,Guitarra Samick C1 Bk Greg Bennett Barcelona,-1
65€,GUITARRA ESPAÑOLA (chateao),-1
60€,Guitarra española en perfecto estado+funda,-1
45€,Guitarra española niño,-1
90€,Guitarra española,-1
"82,95€",guitarra clasica valencia vc204,-1
80€,Guitarra española,-1
499€,"Guitarra Jazz Acústica Framus Studio 5/51, 1962",-1
"82,95€",guitarra clasica valencia vc204,-1
45€,GUITARRA CLÁSICA ESPAÑOLA,1
20€,Narciso Yepes la guitarra española,-1
70€,Guitarra española,-1
70€,Guitarra Española,-1
80€,Guitarra Española,-1
300€,GUITARRA ESPAÑOLA RAIMUNDO - 104 B,-1
"66,95€",guitarra clasica toledo primera 44-nt,-1
70€,Guitarra Española Admira Alba,-1
"66,95€",guitarra clasica toledo primera 44-nt,-1
"66,95€",guitarra clasica toledo primera 44-nt,-1
85€,guitarra española,-1
60€,Guitarra Española,-1
100€,Guitarra española,-1
40€,Guitarra española,-1
90€,Guitarra española,-1
40€,Guitarra española,-1
25€,Guitarra española infantil,-1
115€,GUITARRA ESPAÑOLA,-1
3€,Hueso de búfalo para cejuela de guitarra,-1
290€,Guitarra Española N°1 Prudencio Saez,-1
10€,cejilla de guitarra española,-1
170€,Guitarras,-1
200€,Guitarra Española La Mancha Rubí SM,-1
15€,Guitarra española,-1
200€,Guitarra española,-1
50€,funda guitarra española,-1
15€,guitarra española,-1
45€,Guitarra española,-1
70€,Guitarra Española,-1
70€,Guitarra española,-1
2.050€,guitarra española Andrés Marín,-1
120€,guitarra española,-1
70€,Guitarra española Clifton + soporte,-1
30€,guitarra española niño,-1
95€,GUITARRA ESPAÑOLA NUEVA,-1
300€,Guitarra española color blanco.,-1
0€,guitarra,-1
89€,guitarra española ritmo,-1
550€,Guitarra española,-1
200€,Guitarra Española Esteve 4ST con funda y afinador,-1
260€,Alhambra 1C,-1
50€,guitarra flamenca española,-1
45€,Guitarra española,-1
10€,Clavijero Alhambra guitarra clásica española,-1
150€,"Guitarra española, rebajada.",-1
150€,Guitarra Española,-1
40€,guitarra,-1
40€,guitarra,-1
50€,Guitarra española cadete,-1
95€,Guitarra Española,-1
60€,Guitarra,-1
5€,cejilla para guitarra,-1
50€,Guitarra,-1
64€,guitarra española,-1
85€,Guitarra Española sin funda.,-1
90€,Guitarra española Raimundo mod.106,-1
60€,Guitarra española años 70,-1
45€,Guitarra española niño,-1
10€,Clases de guitarra todos los niveles,-1
30€,guitarra española,-1
500€,GUITARRA ESPAÑOLA GARRIDO PALO SANTO AÑOS 70,-1
60€,GUITARRA ESPAÑOLA,-1
260€,Guitarra española,-1
45€,Guitarra clásica española delaCrus,-1
3.350€,guitarra española Telesforo Julve,-1
45€,Guitarra Española para niños/as,-1
500€,guitarra Alhambra,-1
100€,Guitarra española,-1
90€,guitarra española,-1
250€,Guitarra española Raimundo 103,-1
70€,Guitarra Española.,-1
10€,Rewind,-1
80€,Guitarra española,-1
55€,guitarra española negra sin estrenar,-1
90€,guitarra española,-1
90€,guitarra española,-1
9€,Cejuela y selleta de hueso para guitarra,-1
200€,Guitarra Española Raimundo,-1
18€,Clavijero guitarra clásica / española,-1
6€,Hueso virgen para cejuela y selleta de guitarras,-1
150€,Guitarra Española.,-1
30€,Guitarra española Suspiro,-1
